{
  "g2_cka_factual_layer13": 0.9826630478005508,
  "g2_cka_global_layer13": 0.9998795259481562,
  "g2_accuracy": 0.38,
  "gen0_accuracy": 0.395,
  "g1_cka_factual_layer13": 0.9836198704895477
}