{
  "k0_size": 75,
  "retention": {
    "0": 75,
    "1": 68,
    "2": 69,
    "3": 69
  },
  "transitions": {
    "1": {
      "C->C": 68,
      "C->W": 7,
      "W->C": 7,
      "W->W": 118
    },
    "2": {
      "C->C": 73,
      "C->W": 2,
      "W->C": 1,
      "W->W": 124
    },
    "3": {
      "C->C": 73,
      "C->W": 1,
      "W->C": 3,
      "W->W": 123
    }
  },
  "cka_vs_gen0_layer13": {
    "1": {
      "global": 0.9999259201188267,
      "f1": 0.9826222884665365
    },
    "2": {
      "global": 0.9998951594377006,
      "f1": 0.9818581233293011
    },
    "3": {
      "global": 0.999924457000912,
      "f1": 0.9812989213872125
    }
  }
}