{
  "config": {
    "rank": 4,
    "target": "full_linear",
    "seed": 15
  },
  "trainable_params": 4616192,
  "per_matrix": {
    "layer0.q_proj": 3.7916791439056396,
    "layer0.k_proj": 2.499511241912842,
    "layer0.v_proj": 3.3725693225860596,
    "layer0.o_proj": 3.5421745777130127,
    "layer0.gate_proj": 3.808939218521118,
    "layer0.up_proj": 3.4789700508117676,
    "layer0.down_proj": 3.0231056213378906,
    "layer1.q_proj": 3.635262966156006,
    "layer1.k_proj": 3.3861801624298096,
    "layer1.v_proj": 2.3521957397460938,
    "layer1.o_proj": 2.7862370014190674,
    "layer1.gate_proj": 3.8448727130889893,
    "layer1.up_proj": 3.5650229454040527,
    "layer1.down_proj": 3.3842992782592773,
    "layer2.q_proj": 3.89220929145813,
    "layer2.k_proj": 3.625776767730713,
    "layer2.v_proj": 3.1996395587921143,
    "layer2.o_proj": 3.7079813480377197,
    "layer2.gate_proj": 3.853515386581421,
    "layer2.up_proj": 3.408071756362915,
    "layer2.down_proj": 2.9560961723327637,
    "layer3.q_proj": 3.5666003227233887,
    "layer3.k_proj": 3.218001127243042,
    "layer3.v_proj": 2.788482427597046,
    "layer3.o_proj": 3.5275516510009766,
    "layer3.gate_proj": 3.4668538570404053,
    "layer3.up_proj": 3.317713499069214,
    "layer3.down_proj": 3.5022029876708984,
    "layer4.q_proj": 3.7511088848114014,
    "layer4.k_proj": 3.592900276184082,
    "layer4.v_proj": 3.4991984367370605,
    "layer4.o_proj": 3.6655161380767822,
    "layer4.gate_proj": 3.3387224674224854,
    "layer4.up_proj": 3.803797721862793,
    "layer4.down_proj": 3.54832124710083,
    "layer5.q_proj": 3.437511682510376,
    "layer5.k_proj": 2.5309865474700928,
    "layer5.v_proj": 3.0433402061462402,
    "layer5.o_proj": 3.7160379886627197,
    "layer5.gate_proj": 3.7280356884002686,
    "layer5.up_proj": 3.7961647510528564,
    "layer5.down_proj": 3.335378885269165,
    "layer6.q_proj": 3.68215274810791,
    "layer6.k_proj": 3.638136863708496,
    "layer6.v_proj": 3.542210578918457,
    "layer6.o_proj": 3.5586695671081543,
    "layer6.gate_proj": 3.680119514465332,
    "layer6.up_proj": 3.8884329795837402,
    "layer6.down_proj": 3.336475133895874,
    "layer7.q_proj": 3.2768399715423584,
    "layer7.k_proj": 3.3029043674468994,
    "layer7.v_proj": 3.2038791179656982,
    "layer7.o_proj": 2.982370615005493,
    "layer7.gate_proj": 3.4812493324279785,
    "layer7.up_proj": 3.5754575729370117,
    "layer7.down_proj": 3.612654447555542,
    "layer8.q_proj": 3.7328059673309326,
    "layer8.k_proj": 3.3578169345855713,
    "layer8.v_proj": 3.5806190967559814,
    "layer8.o_proj": 3.3079898357391357,
    "layer8.gate_proj": 3.445963144302368,
    "layer8.up_proj": 3.749885320663452,
    "layer8.down_proj": 3.6148290634155273,
    "layer9.q_proj": 3.7141880989074707,
    "layer9.k_proj": 3.5430731773376465,
    "layer9.v_proj": 3.563876152038574,
    "layer9.o_proj": 3.422144889831543,
    "layer9.gate_proj": 3.522904872894287,
    "layer9.up_proj": 3.473823308944702,
    "layer9.down_proj": 3.1559576988220215,
    "layer10.q_proj": 3.627760410308838,
    "layer10.k_proj": 3.666369676589966,
    "layer10.v_proj": 3.4526760578155518,
    "layer10.o_proj": 3.151965618133545,
    "layer10.gate_proj": 3.487196683883667,
    "layer10.up_proj": 3.4861555099487305,
    "layer10.down_proj": 2.6431901454925537,
    "layer11.q_proj": 3.552212715148926,
    "layer11.k_proj": 3.7238712310791016,
    "layer11.v_proj": 3.861902952194214,
    "layer11.o_proj": 3.5166258811950684,
    "layer11.gate_proj": 3.6493961811065674,
    "layer11.up_proj": 3.3699779510498047,
    "layer11.down_proj": 3.597698450088501,
    "layer12.q_proj": 3.6892261505126953,
    "layer12.k_proj": 3.2622203826904297,
    "layer12.v_proj": 3.323650598526001,
    "layer12.o_proj": 3.16728138923645,
    "layer12.gate_proj": 3.791015148162842,
    "layer12.up_proj": 3.814223527908325,
    "layer12.down_proj": 3.3086318969726562,
    "layer13.q_proj": 3.749394416809082,
    "layer13.k_proj": 3.6682543754577637,
    "layer13.v_proj": 3.838486909866333,
    "layer13.o_proj": 3.471283435821533,
    "layer13.gate_proj": 3.5972979068756104,
    "layer13.up_proj": 3.6545464992523193,
    "layer13.down_proj": 3.613290548324585,
    "layer14.q_proj": 3.2884604930877686,
    "layer14.k_proj": 3.450090169906616,
    "layer14.v_proj": 3.1193559169769287,
    "layer14.o_proj": 3.475046157836914,
    "layer14.gate_proj": 3.633486747741699,
    "layer14.up_proj": 3.6130354404449463,
    "layer14.down_proj": 3.6929450035095215,
    "layer15.q_proj": 3.60495924949646,
    "layer15.k_proj": 3.816279888153076,
    "layer15.v_proj": 3.5554451942443848,
    "layer15.o_proj": 3.4971513748168945,
    "layer15.gate_proj": 3.5423481464385986,
    "layer15.up_proj": 3.6336936950683594,
    "layer15.down_proj": 3.306957483291626,
    "layer16.q_proj": 3.6714072227478027,
    "layer16.k_proj": 3.43705153465271,
    "layer16.v_proj": 3.5432772636413574,
    "layer16.o_proj": 3.334329605102539,
    "layer16.gate_proj": 3.5049002170562744,
    "layer16.up_proj": 3.8295788764953613,
    "layer16.down_proj": 3.1905155181884766,
    "layer17.q_proj": 3.5789194107055664,
    "layer17.k_proj": 3.3316502571105957,
    "layer17.v_proj": 3.045771360397339,
    "layer17.o_proj": 3.058262586593628,
    "layer17.gate_proj": 3.423712730407715,
    "layer17.up_proj": 3.6039607524871826,
    "layer17.down_proj": 3.612111806869507,
    "layer18.q_proj": 3.6371712684631348,
    "layer18.k_proj": 3.1257851123809814,
    "layer18.v_proj": 3.6337037086486816,
    "layer18.o_proj": 3.106611967086792,
    "layer18.gate_proj": 3.650527000427246,
    "layer18.up_proj": 3.788029670715332,
    "layer18.down_proj": 3.2773783206939697,
    "layer19.q_proj": 3.568056106567383,
    "layer19.k_proj": 3.4787797927856445,
    "layer19.v_proj": 3.5330727100372314,
    "layer19.o_proj": 3.4280073642730713,
    "layer19.gate_proj": 3.6565775871276855,
    "layer19.up_proj": 3.6566555500030518,
    "layer19.down_proj": 3.3575291633605957,
    "layer20.q_proj": 3.446291923522949,
    "layer20.k_proj": 3.7440991401672363,
    "layer20.v_proj": 3.489765167236328,
    "layer20.o_proj": 3.3201816082000732,
    "layer20.gate_proj": 3.813356637954712,
    "layer20.up_proj": 3.8829550743103027,
    "layer20.down_proj": 3.485377311706543,
    "layer21.q_proj": 3.3850290775299072,
    "layer21.k_proj": 3.695145606994629,
    "layer21.v_proj": 3.0574519634246826,
    "layer21.o_proj": 3.4546897411346436,
    "layer21.gate_proj": 3.4396612644195557,
    "layer21.up_proj": 3.577845573425293,
    "layer21.down_proj": 3.7162609100341797,
    "layer22.q_proj": 3.2749404907226562,
    "layer22.k_proj": 3.56463360786438,
    "layer22.v_proj": 3.4050164222717285,
    "layer22.o_proj": 3.285956621170044,
    "layer22.gate_proj": 3.4049313068389893,
    "layer22.up_proj": 3.509610652923584,
    "layer22.down_proj": 3.4773521423339844,
    "layer23.q_proj": 3.5919132232666016,
    "layer23.k_proj": 2.947532892227173,
    "layer23.v_proj": 3.217076539993286,
    "layer23.o_proj": 2.909080982208252,
    "layer23.gate_proj": 3.6520044803619385,
    "layer23.up_proj": 3.3705098628997803,
    "layer23.down_proj": 3.073237419128418,
    "layer24.q_proj": 3.4438858032226562,
    "layer24.k_proj": 3.321993589401245,
    "layer24.v_proj": 3.5554440021514893,
    "layer24.o_proj": 3.1721010208129883,
    "layer24.gate_proj": 3.7087228298187256,
    "layer24.up_proj": 3.6072442531585693,
    "layer24.down_proj": 2.623237371444702,
    "layer25.q_proj": 2.735445737838745,
    "layer25.k_proj": 2.937822103500366,
    "layer25.v_proj": 3.19877552986145,
    "layer25.o_proj": 3.2661614418029785,
    "layer25.gate_proj": 3.366417407989502,
    "layer25.up_proj": 3.5127134323120117,
    "layer25.down_proj": 2.614021062850952,
    "layer26.q_proj": 2.9617912769317627,
    "layer26.k_proj": 3.352651834487915,
    "layer26.v_proj": 2.390559434890747,
    "layer26.o_proj": 2.294990062713623,