{
  "config": {
    "rank": 64,
    "target": "attention",
    "seed": 15
  },
  "trainable_params": 8716288,
  "per_matrix": {
    "layer0.q_proj": 28.788700103759766,
    "layer0.v_proj": 23.909631729125977,
    "layer1.q_proj": 31.856447219848633,
    "layer1.v_proj": 18.92795181274414,
    "layer2.q_proj": 35.895423889160156,
    "layer2.v_proj": 20.897478103637695,
    "layer3.q_proj": 36.16257095336914,
    "layer3.v_proj": 20.31180763244629,
    "layer4.q_proj": 35.26868438720703,
    "layer4.v_proj": 27.30760955810547,
    "layer5.q_proj": 32.90424728393555,
    "layer5.v_proj": 26.428001403808594,
    "layer6.q_proj": 35.61293411254883,
    "layer6.v_proj": 25.231197357177734,
    "layer7.q_proj": 33.36812210083008,
    "layer7.v_proj": 28.663429260253906,
    "layer8.q_proj": 35.65330505371094,
    "layer8.v_proj": 28.71525001525879,
    "layer9.q_proj": 33.964813232421875,
    "layer9.v_proj": 28.038267135620117,
    "layer10.q_proj": 32.78252410888672,
    "layer10.v_proj": 32.832115173339844,
    "layer11.q_proj": 32.408058166503906,
    "layer11.v_proj": 28.38194465637207,
    "layer12.q_proj": 33.9316520690918,
    "layer12.v_proj": 28.389633178710938,
    "layer13.q_proj": 32.65086364746094,
    "layer13.v_proj": 28.559762954711914,
    "layer14.q_proj": 32.96424102783203,
    "layer14.v_proj": 30.83415412902832,
    "layer15.q_proj": 33.927818298339844,
    "layer15.v_proj": 32.961795806884766,
    "layer16.q_proj": 33.94549560546875,
    "layer16.v_proj": 29.573318481445312,
    "layer17.q_proj": 34.612998962402344,
    "layer17.v_proj": 28.194799423217773,
    "layer18.q_proj": 32.47674560546875,
    "layer18.v_proj": 31.029605865478516,
    "layer19.q_proj": 34.28609848022461,
    "layer19.v_proj": 32.44533157348633,
    "layer20.q_proj": 32.890132904052734,
    "layer20.v_proj": 30.169723510742188,
    "layer21.q_proj": 35.68268585205078,
    "layer21.v_proj": 24.286609649658203,
    "layer22.q_proj": 30.231733322143555,
    "layer22.v_proj": 24.03713607788086,
    "layer23.q_proj": 29.724201202392578,
    "layer23.v_proj": 20.211685180664062,
    "layer24.q_proj": 27.566959381103516,
    "layer24.v_proj": 25.228803634643555,
    "layer25.q_proj": 30.226869583129883,
    "layer25.v_proj": 21.397705078125,
    "layer26.q_proj": 26.670997619628906,
    "layer26.v_proj": 17.918548583984375,
    "layer27.q_proj": 30.07813835144043,
    "layer27.v_proj": 21.81313705444336
  },
  "by_module_type": {
    "q_proj": {
      "mean": 32.733337947300505,
      "std": 2.497176993368345,
      "sum": 916.5334625244141,
      "count": 28
    },
    "v_proj": {
      "mean": 26.31058692932129,
      "std": 4.285977598915355,
      "sum": 736.6964340209961,
      "count": 28
    }
  },
  "aggregate_effective_rank": 1653.2298965454102,
  "num_matrices": 56
}