{
  "config": {
    "rank": 128,
    "target": "attention",
    "seed": 15
  },
  "trainable_params": 17432576,
  "per_matrix": {
    "layer0.q_proj": 56.46229934692383,
    "layer0.v_proj": 38.5577392578125,
    "layer1.q_proj": 59.05598831176758,
    "layer1.v_proj": 34.477298736572266,
    "layer2.q_proj": 63.45318603515625,
    "layer2.v_proj": 30.515901565551758,
    "layer3.q_proj": 61.5967903137207,
    "layer3.v_proj": 32.67267608642578,
    "layer4.q_proj": 64.3126220703125,
    "layer4.v_proj": 44.666099548339844,
    "layer5.q_proj": 59.24778747558594,
    "layer5.v_proj": 45.25303268432617,
    "layer6.q_proj": 62.19252014160156,
    "layer6.v_proj": 38.60594940185547,
    "layer7.q_proj": 57.6641960144043,
    "layer7.v_proj": 43.15876007080078,
    "layer8.q_proj": 62.284400939941406,
    "layer8.v_proj": 49.05928421020508,
    "layer9.q_proj": 60.456748962402344,
    "layer9.v_proj": 44.89131164550781,
    "layer10.q_proj": 56.8720703125,
    "layer10.v_proj": 49.29680633544922,
    "layer11.q_proj": 58.28227996826172,
    "layer11.v_proj": 46.61238479614258,
    "layer12.q_proj": 58.46506881713867,
    "layer12.v_proj": 45.40005874633789,
    "layer13.q_proj": 58.65081024169922,
    "layer13.v_proj": 45.27516555786133,
    "layer14.q_proj": 57.97779083251953,
    "layer14.v_proj": 48.587608337402344,
    "layer15.q_proj": 57.449493408203125,
    "layer15.v_proj": 53.519012451171875,
    "layer16.q_proj": 58.28606033325195,
    "layer16.v_proj": 44.2653694152832,
    "layer17.q_proj": 58.471622467041016,
    "layer17.v_proj": 43.18851852416992,
    "layer18.q_proj": 56.87586975097656,
    "layer18.v_proj": 50.8040771484375,
    "layer19.q_proj": 60.04130172729492,
    "layer19.v_proj": 49.768558502197266,
    "layer20.q_proj": 57.78853225708008,
    "layer20.v_proj": 50.250587463378906,
    "layer21.q_proj": 64.66067504882812,
    "layer21.v_proj": 40.933006286621094,
    "layer22.q_proj": 54.821041107177734,
    "layer22.v_proj": 39.412574768066406,
    "layer23.q_proj": 54.148536682128906,
    "layer23.v_proj": 35.140380859375,
    "layer24.q_proj": 51.744747161865234,
    "layer24.v_proj": 39.09032440185547,
    "layer25.q_proj": 53.019622802734375,
    "layer25.v_proj": 31.77495002746582,
    "layer26.q_proj": 53.71192169189453,
    "layer26.v_proj": 23.412281036376953,
    "layer27.q_proj": 55.29998016357422,
    "layer27.v_proj": 37.01216125488281
  },
  "by_module_type": {
    "q_proj": {
      "mean": 58.33192729949951,
      "std": 3.2378662985023308,
      "sum": 1633.2939643859863,
      "count": 28
    },
    "v_proj": {
      "mean": 41.985781397138325,
      "std": 7.070357843850599,
      "sum": 1175.601879119873,
      "count": 28
    }
  },
  "aggregate_effective_rank": 2808.8958435058594,
  "num_matrices": 56
}