{
  "config": {
    "rank": 16,
    "target": "attention",
    "seed": 15
  },
  "trainable_params": 2179072,
  "per_matrix": {
    "layer0.q_proj": 11.626842498779297,
    "layer0.v_proj": 10.965378761291504,
    "layer1.q_proj": 13.073074340820312,
    "layer1.v_proj": 11.07790470123291,
    "layer2.q_proj": 12.857275009155273,
    "layer2.v_proj": 10.614143371582031,
    "layer3.q_proj": 11.776266098022461,
    "layer3.v_proj": 10.250886917114258,
    "layer4.q_proj": 11.775482177734375,
    "layer4.v_proj": 10.932026863098145,
    "layer5.q_proj": 11.685627937316895,
    "layer5.v_proj": 11.725237846374512,
    "layer6.q_proj": 11.658956527709961,
    "layer6.v_proj": 10.427081108093262,
    "layer7.q_proj": 11.442069053649902,
    "layer7.v_proj": 11.06630802154541,
    "layer8.q_proj": 11.997614860534668,
    "layer8.v_proj": 11.627845764160156,
    "layer9.q_proj": 11.62226676940918,
    "layer9.v_proj": 11.514678001403809,
    "layer10.q_proj": 11.544984817504883,
    "layer10.v_proj": 11.401480674743652,
    "layer11.q_proj": 11.09708023071289,
    "layer11.v_proj": 10.17698860168457,
    "layer12.q_proj": 12.055083274841309,
    "layer12.v_proj": 11.41923713684082,
    "layer13.q_proj": 11.891106605529785,
    "layer13.v_proj": 11.537148475646973,
    "layer14.q_proj": 11.048110008239746,
    "layer14.v_proj": 12.146907806396484,
    "layer15.q_proj": 10.653671264648438,
    "layer15.v_proj": 11.421720504760742,
    "layer16.q_proj": 11.802462577819824,
    "layer16.v_proj": 11.042303085327148,
    "layer17.q_proj": 11.601157188415527,
    "layer17.v_proj": 11.337413787841797,
    "layer18.q_proj": 11.731277465820312,
    "layer18.v_proj": 12.414955139160156,
    "layer19.q_proj": 12.323229789733887,
    "layer19.v_proj": 12.09269905090332,
    "layer20.q_proj": 10.402230262756348,
    "layer20.v_proj": 11.274284362792969,
    "layer21.q_proj": 11.169771194458008,
    "layer21.v_proj": 10.851171493530273,
    "layer22.q_proj": 11.079415321350098,
    "layer22.v_proj": 10.40311336517334,
    "layer23.q_proj": 9.795828819274902,
    "layer23.v_proj": 7.629364967346191,
    "layer24.q_proj": 9.791574478149414,
    "layer24.v_proj": 10.732711791992188,
    "layer25.q_proj": 11.408917427062988,
    "layer25.v_proj": 10.991191864013672,
    "layer26.q_proj": 7.929863452911377,
    "layer26.v_proj": 7.474959850311279,
    "layer27.q_proj": 9.880831718444824,
    "layer27.v_proj": 8.956867218017578
  },
  "by_module_type": {
    "q_proj": {
      "mean": 11.311502541814532,
      "std": 1.0156720126764827,
      "sum": 316.7220711708069,
      "count": 28
    },
    "v_proj": {
      "mean": 10.839500376156398,
      "std": 1.1356684356576845,
      "sum": 303.50601053237915,
      "count": 28
    }
  },
  "aggregate_effective_rank": 620.228081703186,
  "num_matrices": 56
}