{
  "config": {
    "rank": 16,
    "target": "full_linear",
    "seed": 15
  },
  "trainable_params": 18464768,
  "per_matrix": {
    "layer0.q_proj": 10.66711711883545,
    "layer0.k_proj": 8.75737476348877,
    "layer0.v_proj": 9.730810165405273,
    "layer0.o_proj": 10.23895263671875,
    "layer0.gate_proj": 12.521754264831543,
    "layer0.up_proj": 11.533743858337402,
    "layer0.down_proj": 9.979610443115234,
    "layer1.q_proj": 12.561745643615723,
    "layer1.k_proj": 9.464835166931152,
    "layer1.v_proj": 8.00056266784668,
    "layer1.o_proj": 9.680545806884766,
    "layer1.gate_proj": 11.650093078613281,
    "layer1.up_proj": 10.535232543945312,
    "layer1.down_proj": 6.178107738494873,
    "layer2.q_proj": 12.969724655151367,
    "layer2.k_proj": 11.707365989685059,
    "layer2.v_proj": 7.152187824249268,
    "layer2.o_proj": 12.53249740600586,
    "layer2.gate_proj": 12.14539623260498,
    "layer2.up_proj": 10.659248352050781,
    "layer2.down_proj": 7.924703598022461,
    "layer3.q_proj": 11.798754692077637,
    "layer3.k_proj": 10.891758918762207,
    "layer3.v_proj": 8.040091514587402,
    "layer3.o_proj": 11.91854190826416,
    "layer3.gate_proj": 13.339960098266602,
    "layer3.up_proj": 11.277973175048828,
    "layer3.down_proj": 11.683226585388184,
    "layer4.q_proj": 13.072545051574707,
    "layer4.k_proj": 12.966215133666992,
    "layer4.v_proj": 11.445329666137695,
    "layer4.o_proj": 12.882015228271484,
    "layer4.gate_proj": 12.807814598083496,
    "layer4.up_proj": 12.867486953735352,
    "layer4.down_proj": 12.386754989624023,
    "layer5.q_proj": 11.298340797424316,
    "layer5.k_proj": 9.725116729736328,
    "layer5.v_proj": 10.7757568359375,
    "layer5.o_proj": 11.749017715454102,
    "layer5.gate_proj": 12.938148498535156,
    "layer5.up_proj": 12.688884735107422,
    "layer5.down_proj": 10.51600456237793,
    "layer6.q_proj": 12.522918701171875,
    "layer6.k_proj": 10.566551208496094,
    "layer6.v_proj": 10.909774780273438,
    "layer6.o_proj": 10.915308952331543,
    "layer6.gate_proj": 13.448777198791504,
    "layer6.up_proj": 12.828018188476562,
    "layer6.down_proj": 10.159937858581543,
    "layer7.q_proj": 12.057851791381836,
    "layer7.k_proj": 9.850775718688965,
    "layer7.v_proj": 10.692390441894531,
    "layer7.o_proj": 9.834094047546387,
    "layer7.gate_proj": 12.723125457763672,
    "layer7.up_proj": 13.080413818359375,
    "layer7.down_proj": 11.149858474731445,
    "layer8.q_proj": 12.611424446105957,
    "layer8.k_proj": 12.283605575561523,
    "layer8.v_proj": 11.751481056213379,
    "layer8.o_proj": 12.215251922607422,
    "layer8.gate_proj": 13.385557174682617,
    "layer8.up_proj": 12.676475524902344,
    "layer8.down_proj": 11.218893051147461,
    "layer9.q_proj": 11.948381423950195,
    "layer9.k_proj": 11.205657958984375,
    "layer9.v_proj": 11.458990097045898,
    "layer9.o_proj": 10.530702590942383,
    "layer9.gate_proj": 13.422762870788574,
    "layer9.up_proj": 12.738690376281738,
    "layer9.down_proj": 10.472002983093262,
    "layer10.q_proj": 11.751640319824219,
    "layer10.k_proj": 12.294768333435059,
    "layer10.v_proj": 11.19262981414795,
    "layer10.o_proj": 10.222789764404297,
    "layer10.gate_proj": 12.816386222839355,
    "layer10.up_proj": 11.874082565307617,
    "layer10.down_proj": 10.685532569885254,
    "layer11.q_proj": 12.042004585266113,
    "layer11.k_proj": 12.040736198425293,
    "layer11.v_proj": 11.053516387939453,
    "layer11.o_proj": 10.98867130279541,
    "layer11.gate_proj": 13.284255981445312,
    "layer11.up_proj": 12.414472579956055,
    "layer11.down_proj": 10.859134674072266,
    "layer12.q_proj": 12.678328514099121,
    "layer12.k_proj": 12.3975191116333,
    "layer12.v_proj": 11.973861694335938,
    "layer12.o_proj": 11.742877006530762,
    "layer12.gate_proj": 13.475464820861816,
    "layer12.up_proj": 12.731287956237793,
    "layer12.down_proj": 11.320462226867676,
    "layer13.q_proj": 12.318819999694824,
    "layer13.k_proj": 12.357741355895996,
    "layer13.v_proj": 11.173262596130371,
    "layer13.o_proj": 11.094836235046387,
    "layer13.gate_proj": 13.278353691101074,
    "layer13.up_proj": 12.952006340026855,
    "layer13.down_proj": 11.260130882263184,
    "layer14.q_proj": 11.507413864135742,
    "layer14.k_proj": 11.389714241027832,
    "layer14.v_proj": 11.496282577514648,
    "layer14.o_proj": 12.069204330444336,
    "layer14.gate_proj": 13.603002548217773,
    "layer14.up_proj": 12.911327362060547,
    "layer14.down_proj": 12.437406539916992,
    "layer15.q_proj": 11.787729263305664,
    "layer15.k_proj": 11.904881477355957,
    "layer15.v_proj": 12.053831100463867,
    "layer15.o_proj": 11.645660400390625,
    "layer15.gate_proj": 12.661702156066895,
    "layer15.up_proj": 12.487481117248535,
    "layer15.down_proj": 11.982595443725586,
    "layer16.q_proj": 12.728754043579102,
    "layer16.k_proj": 12.623722076416016,
    "layer16.v_proj": 10.591023445129395,
    "layer16.o_proj": 10.586098670959473,
    "layer16.gate_proj": 12.139362335205078,
    "layer16.up_proj": 13.345126152038574,
    "layer16.down_proj": 12.113943099975586,
    "layer17.q_proj": 12.273356437683105,
    "layer17.k_proj": 10.780957221984863,
    "layer17.v_proj": 9.798956871032715,
    "layer17.o_proj": 11.208388328552246,
    "layer17.gate_proj": 13.360241889953613,
    "layer17.up_proj": 13.419937133789062,
    "layer17.down_proj": 11.55233383178711,
    "layer18.q_proj": 11.659460067749023,
    "layer18.k_proj": 11.069109916687012,
    "layer18.v_proj": 11.751012802124023,
    "layer18.o_proj": 12.30716609954834,
    "layer18.gate_proj": 12.411646842956543,
    "layer18.up_proj": 13.107149124145508,
    "layer18.down_proj": 12.103391647338867,
    "layer19.q_proj": 12.19694995880127,
    "layer19.k_proj": 11.458490371704102,
    "layer19.v_proj": 11.219738006591797,
    "layer19.o_proj": 12.309452056884766,
    "layer19.gate_proj": 12.695999145507812,
    "layer19.up_proj": 12.356680870056152,
    "layer19.down_proj": 11.812307357788086,
    "layer20.q_proj": 12.007756233215332,
    "layer20.k_proj": 11.879193305969238,
    "layer20.v_proj": 10.66649341583252,
    "layer20.o_proj": 11.776875495910645,
    "layer20.gate_proj": 13.445074081420898,
    "layer20.up_proj": 12.579767227172852,
    "layer20.down_proj": 11.76189136505127,
    "layer21.q_proj": 12.51848316192627,
    "layer21.k_proj": 12.346232414245605,
    "layer21.v_proj": 9.9336576461792,
    "layer21.o_proj": 9.763528823852539,
    "layer21.gate_proj": 13.411860466003418,
    "layer21.up_proj": 12.919486999511719,
    "layer21.down_proj": 11.503754615783691,
    "layer22.q_proj": 12.158282279968262,
    "layer22.k_proj": 11.347960472106934,
    "layer22.v_proj": 10.966124534606934,
    "layer22.o_proj": 10.63451862335205,
    "layer22.gate_proj": 12.896424293518066,
    "layer22.up_proj": 12.576566696166992,
    "layer22.down_proj": 11.79549503326416,
    "layer23.q_proj": 11.705062866210938,
    "layer23.k_proj": 9.42422103881836,
    "layer23.v_proj": 9.63740348815918,
    "layer23.o_proj": 9.300307273864746,
    "layer23.gate_proj": 12.673030853271484,
    "layer23.up_proj": 12.428098678588867,
    "layer23.down_proj": 10.196102142333984,
    "layer24.q_proj": 11.29860782623291,
    "layer24.k_proj": 12.504924774169922,
    "layer24.v_proj": 9.601215362548828,
    "layer24.o_proj": 10.057768821716309,
    "layer24.gate_proj": 12.835461616516113,
    "layer24.up_proj": 12.637596130371094,
    "layer24.down_proj": 10.061663627624512,
    "layer25.q_proj": 11.543603897094727,
    "layer25.k_proj": 10.040733337402344,
    "layer25.v_proj": 9.735516548156738,
    "layer25.o_proj": 8.23098087310791,
    "layer25.gate_proj": 12.708634376525879,
    "layer25.up_proj": 12.006699562072754,
    "layer25.down_proj": 9.066579818725586,
    "layer26.q_proj": 10.909571647644043,
    "layer26.k_proj": 10.650679588317871,
    "layer26.v_proj": 7.756946563720703,