{
  "k0_size": 75,
  "retention": {
    "0": 75,
    "1": 69,
    "2": 70,
    "3": 70
  },
  "transitions": {
    "1": {
      "C->C": 69,
      "C->W": 6,
      "W->C": 3,
      "W->W": 122
    },
    "2": {
      "C->C": 72,
      "C->W": 0,
      "W->C": 4,
      "W->W": 124
    },
    "3": {
      "C->C": 74,
      "C->W": 2,
      "W->C": 2,
      "W->W": 122
    }
  },
  "cka_vs_gen0_layer13": {
    "1": {
      "global": 0.9999334370541156,
      "f1": 0.9822205397440845
    },
    "2": {
      "global": 0.9999174021430967,
      "f1": 0.9829846558552557
    },
    "3": {
      "global": 0.9999282202527977,
      "f1": 0.9836151981930848
    }
  }
}