{
  "config": {
    "rank": 32,
    "target": "attention",
    "seed": 15
  },
  "trainable_params": 4358144,
  "per_matrix": {
    "layer0.q_proj": 16.86743927001953,
    "layer0.v_proj": 15.282642364501953,
    "layer1.q_proj": 19.71547508239746,
    "layer1.v_proj": 12.8990478515625,
    "layer2.q_proj": 21.923093795776367,
    "layer2.v_proj": 13.731691360473633,
    "layer3.q_proj": 20.885175704956055,
    "layer3.v_proj": 13.241276741027832,
    "layer4.q_proj": 20.61699867248535,
    "layer4.v_proj": 16.37142562866211,
    "layer5.q_proj": 18.126550674438477,
    "layer5.v_proj": 16.8510799407959,
    "layer6.q_proj": 21.452219009399414,
    "layer6.v_proj": 14.986688613891602,
    "layer7.q_proj": 19.27842903137207,
    "layer7.v_proj": 17.5489444732666,
    "layer8.q_proj": 20.66012191772461,
    "layer8.v_proj": 18.802736282348633,
    "layer9.q_proj": 19.742794036865234,
    "layer9.v_proj": 17.89647102355957,
    "layer10.q_proj": 20.319934844970703,
    "layer10.v_proj": 20.574249267578125,
    "layer11.q_proj": 19.864154815673828,
    "layer11.v_proj": 18.447364807128906,
    "layer12.q_proj": 20.46750259399414,
    "layer12.v_proj": 18.045642852783203,
    "layer13.q_proj": 20.866636276245117,
    "layer13.v_proj": 17.289453506469727,
    "layer14.q_proj": 16.8780517578125,
    "layer14.v_proj": 18.986541748046875,
    "layer15.q_proj": 19.76549530029297,
    "layer15.v_proj": 21.503334045410156,
    "layer16.q_proj": 18.01746368408203,
    "layer16.v_proj": 18.119199752807617,
    "layer17.q_proj": 19.19260025024414,
    "layer17.v_proj": 16.830883026123047,
    "layer18.q_proj": 19.05910301208496,
    "layer18.v_proj": 18.872533798217773,
    "layer19.q_proj": 19.714181900024414,
    "layer19.v_proj": 19.206111907958984,
    "layer20.q_proj": 18.84381675720215,
    "layer20.v_proj": 17.38249969482422,
    "layer21.q_proj": 19.781614303588867,
    "layer21.v_proj": 15.3329496383667,
    "layer22.q_proj": 18.564489364624023,
    "layer22.v_proj": 16.795103073120117,
    "layer23.q_proj": 17.53150177001953,
    "layer23.v_proj": 13.506159782409668,
    "layer24.q_proj": 15.570034980773926,
    "layer24.v_proj": 15.853485107421875,
    "layer25.q_proj": 17.947933197021484,
    "layer25.v_proj": 15.560834884643555,
    "layer26.q_proj": 13.326992988586426,
    "layer26.v_proj": 11.635969161987305,
    "layer27.q_proj": 17.260339736938477,
    "layer27.v_proj": 15.540417671203613
  },
  "by_module_type": {
    "q_proj": {
      "mean": 19.008576597486222,
      "std": 1.8489980769139704,
      "sum": 532.2401447296143,
      "count": 28
    },
    "v_proj": {
      "mean": 16.68195492880685,
      "std": 2.3142538456119097,
      "sum": 467.0947380065918,
      "count": 28
    }
  },
  "aggregate_effective_rank": 999.334882736206,
  "num_matrices": 56
}