{
  "config": {
    "rank": 256,
    "target": "attention",
    "seed": 15
  },
  "trainable_params": 34865152,
  "per_matrix": {
    "layer0.q_proj": 121.54115295410156,
    "layer0.v_proj": 73.34159088134766,
    "layer1.q_proj": 113.99575805664062,
    "layer1.v_proj": 62.83932876586914,
    "layer2.q_proj": 117.39512634277344,
    "layer2.v_proj": 48.95258712768555,
    "layer3.q_proj": 111.46070861816406,
    "layer3.v_proj": 48.53798294067383,
    "layer4.q_proj": 124.87532043457031,
    "layer4.v_proj": 79.92862701416016,
    "layer5.q_proj": 114.01266479492188,
    "layer5.v_proj": 71.13895416259766,
    "layer6.q_proj": 112.85037231445312,
    "layer6.v_proj": 63.471946716308594,
    "layer7.q_proj": 108.59039306640625,
    "layer7.v_proj": 66.52291870117188,
    "layer8.q_proj": 113.41734313964844,
    "layer8.v_proj": 76.36962890625,
    "layer9.q_proj": 113.86407470703125,
    "layer9.v_proj": 65.6702880859375,
    "layer10.q_proj": 103.10062408447266,
    "layer10.v_proj": 74.46732330322266,
    "layer11.q_proj": 109.73633575439453,
    "layer11.v_proj": 72.70594787597656,
    "layer12.q_proj": 107.08062744140625,
    "layer12.v_proj": 68.43754577636719,
    "layer13.q_proj": 104.90520477294922,
    "layer13.v_proj": 74.4872817993164,
    "layer14.q_proj": 105.17221069335938,
    "layer14.v_proj": 69.11146545410156,
    "layer15.q_proj": 101.2187271118164,
    "layer15.v_proj": 80.6932601928711,
    "layer16.q_proj": 106.6655502319336,
    "layer16.v_proj": 69.2238998413086,
    "layer17.q_proj": 104.52233123779297,
    "layer17.v_proj": 65.36070251464844,
    "layer18.q_proj": 102.9881591796875,
    "layer18.v_proj": 78.64754486083984,
    "layer19.q_proj": 104.78726196289062,
    "layer19.v_proj": 74.24359893798828,
    "layer20.q_proj": 111.35435485839844,
    "layer20.v_proj": 75.69795989990234,
    "layer21.q_proj": 121.18802642822266,
    "layer21.v_proj": 65.1300048828125,
    "layer22.q_proj": 102.22013092041016,
    "layer22.v_proj": 64.19989776611328,
    "layer23.q_proj": 97.25670623779297,
    "layer23.v_proj": 55.91668701171875,
    "layer24.q_proj": 99.29558563232422,
    "layer24.v_proj": 60.62820053100586,
    "layer25.q_proj": 108.59107208251953,
    "layer25.v_proj": 51.87828063964844,
    "layer26.q_proj": 105.89069366455078,
    "layer26.v_proj": 32.09184646606445,
    "layer27.q_proj": 110.74571990966797,
    "layer27.v_proj": 55.71358871459961
  },
  "by_module_type": {
    "q_proj": {
      "mean": 109.24007987976074,
      "std": 6.675865466253531,
      "sum": 3058.722236633301,
      "count": 28
    },
    "v_proj": {
      "mean": 65.90746034894671,
      "std": 10.915928734084181,
      "sum": 1845.4088897705078,
      "count": 28
    }
  },
  "aggregate_effective_rank": 4904.131126403809,
  "num_matrices": 56
}