{
  "config": {
    "rank": 4,
    "target": "attention",
    "seed": 15
  },
  "trainable_params": 544768,
  "per_matrix": {
    "layer0.q_proj": 3.801598310470581,
    "layer0.v_proj": 3.102200508117676,
    "layer1.q_proj": 3.7441365718841553,
    "layer1.v_proj": 2.2397799491882324,
    "layer2.q_proj": 3.5921945571899414,
    "layer2.v_proj": 3.4070708751678467,
    "layer3.q_proj": 3.6395418643951416,
    "layer3.v_proj": 2.5572943687438965,
    "layer4.q_proj": 3.7626497745513916,
    "layer4.v_proj": 2.8605968952178955,
    "layer5.q_proj": 3.564405918121338,
    "layer5.v_proj": 3.3732335567474365,
    "layer6.q_proj": 2.881579637527466,
    "layer6.v_proj": 3.5045204162597656,
    "layer7.q_proj": 3.6559717655181885,
    "layer7.v_proj": 3.5299770832061768,
    "layer8.q_proj": 3.6352951526641846,
    "layer8.v_proj": 3.64213490486145,
    "layer9.q_proj": 3.376594305038452,
    "layer9.v_proj": 3.3549294471740723,
    "layer10.q_proj": 3.565401554107666,
    "layer10.v_proj": 3.5241293907165527,
    "layer11.q_proj": 3.691115140914917,
    "layer11.v_proj": 3.6588964462280273,
    "layer12.q_proj": 3.5633552074432373,
    "layer12.v_proj": 3.8060038089752197,
    "layer13.q_proj": 3.6417107582092285,
    "layer13.v_proj": 3.528430223464966,
    "layer14.q_proj": 3.2538468837738037,
    "layer14.v_proj": 3.553311824798584,
    "layer15.q_proj": 3.4802205562591553,
    "layer15.v_proj": 3.3657073974609375,
    "layer16.q_proj": 3.1441240310668945,
    "layer16.v_proj": 3.6122543811798096,
    "layer17.q_proj": 3.0215511322021484,
    "layer17.v_proj": 3.459850549697876,
    "layer18.q_proj": 3.007887125015259,
    "layer18.v_proj": 3.470571994781494,
    "layer19.q_proj": 3.332477569580078,
    "layer19.v_proj": 3.6308796405792236,
    "layer20.q_proj": 3.372361898422241,
    "layer20.v_proj": 2.858989715576172,
    "layer21.q_proj": 3.0831186771392822,
    "layer21.v_proj": 3.0941858291625977,
    "layer22.q_proj": 3.4153642654418945,
    "layer22.v_proj": 3.1277916431427,
    "layer23.q_proj": 3.147059202194214,
    "layer23.v_proj": 3.148620128631592,
    "layer24.q_proj": 2.8031094074249268,
    "layer24.v_proj": 3.3509232997894287,
    "layer25.q_proj": 3.474388599395752,
    "layer25.v_proj": 3.4350638389587402,
    "layer26.q_proj": 2.7546539306640625,
    "layer26.v_proj": 3.2833001613616943,
    "layer27.q_proj": 3.2282345294952393,
    "layer27.v_proj": 2.7953603267669678
  },
  "by_module_type": {
    "q_proj": {
      "mean": 3.379783868789673,
      "std": 0.29740077696061024,
      "sum": 94.63394832611084,
      "count": 28
    },
    "v_proj": {
      "mean": 3.295571735927037,
      "std": 0.35463868814304084,
      "sum": 92.27600860595703,
      "count": 28
    }
  },
  "aggregate_effective_rank": 186.90995693206787,
  "num_matrices": 56
}