{
  "k0_size": 75,
  "retention": {
    "0": 75,
    "1": 69,
    "2": 71,
    "3": 69
  },
  "transitions": {
    "1": {
      "C->C": 69,
      "C->W": 6,
      "W->C": 7,
      "W->W": 118
    },
    "2": {
      "C->C": 75,
      "C->W": 1,
      "W->C": 3,
      "W->W": 121
    },
    "3": {
      "C->C": 73,
      "C->W": 5,
      "W->C": 3,
      "W->W": 119
    }
  },
  "cka_vs_gen0_layer13": {
    "1": {
      "global": 0.9999188096804338,
      "f1": 0.9835932899423614
    },
    "2": {
      "global": 0.999908303250734,
      "f1": 0.983541378641434
    },
    "3": {
      "global": 0.999927165991874,
      "f1": 0.9826674976050291
    }
  }
}